movie_id,writer_id
1070901,1979053
1070901,1999579
2009271,1977726
2008417,1977725
1178712,1100567
2008408,2002860
2012783,2101496
2011348,2012377
2021511,1101764
2017313,1101296
2006874,1100299
2005462,2004157
2008031,2008575
2008031,1998759
2011370,2006784
2011370,2006785
2009176,2008499
2009176,2008500
2011402,2012608
2011402,2012607
2016635,1106776
2004882,2007611
2004882,2012991
2018084,2016581
1294243,1100066
2018558,2007350
2008329,1998621
2008329,2006850
2003623,2013717
2003623,2006286
2012462,2014495
2011908,2013260
2011908,2013259
2009218,1112994
2018689,1070999
2004456,1112747
2007478,2006299
2007478,2081995
2018829,1065477
2005518,1101881
2009178,2008505
2009178,2003329
2008527,2007042
2006602,1994525
2006602,2000581
2017785,1994561
2017785,1994562
2006196,2005104
2005444,2016301
2005444,2016300
2011812,1996447
2017905,2016394
2017905,2016395
2009216,2008603
2009216,2008604
2007825,1100029
2009977,2019813
2009977,2022696
2019070,2007422
2019070,2202678
2008453,2019165
2004286,2001720
2020629,1993721
2020629,2023238
2019670,2021247
2019670,2021246
2009852,1981263
2009852,2125860
2005249,1977432
2005249,2028127
2019831,2021552
2019831,2021553
2019941,1979115
2008703,1979278
2008703,2007246
2012060,1106756
2012060,1072283
2019536,2021012
2019536,2021011
2018043,2016531
2018043,2022029
2010683,1981764
2010683,1994357
2009271,2000642
2019954,2021725
2019838,2001000
2018696,1100721
2011654,2012843
2019390,2060994
2009209,1996374
2007223,1004865
2007223,1061893
2011209,2016400
2018739,2025047
2007397,1994538
2007397,1993766
2008880,1995965
2008880,1994251
2012595,1995111
2012595,2007414
2020082,1981885
2021530,2018927
2016917,1112339
2025575,1995823
2019704,1983377
2019704,2001238
2010192,2010510
2010192,1996644
1275307,1112875
1275307,1101311
2017768,1981363
2017768,2025881
2005392,1982557
2005392,2000255
2016632,1100871
2020280,1099929
2009663,1990555
2009663,1182228
2003728,2099859
2003728,1997052
2008211,2006775
2008211,2004746
2012422,2014349
2020190,2022186
2020190,1995879
2021165,2003780
2021241,1995320
2012045,1101308
2018931,1033316
2012823,1980579
2019753,1113118
2019753,2005378
2021733,2028347
2010318,2000685
2010318,1990694
2020506,1113034
2020506,2022847
2022421,2027069
2022421,2027071
2022421,2027072
2022421,2027068
2022421,2027070
2022421,2263499
2019743,1113032
2019743,2058003
2024965,2057072
2024965,2057071
2009272,2001191
2009272,1979069
2022174,2010580
2022174,2010581
2019878,2021596
2017441,2023595
2017441,2014689
2008408,1993835
2024368,2006032
2024368,2006035
2021928,2056737
2021928,2023565
2020675,2002780
2006332,2025698
2006332,2025696
2021414,1977130
2025534,1104674
2024681,2056481
2024681,2056475
2021031,1997901
2004424,1978662
2025337,2001917
2005106,2016184
2025693,2059719
2025693,2004829
2008438,2006936
2008438,2006937
2009209,2024694
2025384,2058321
2022489,2006495
2022489,2057963
2024921,2058196
2024921,2058197
2025437,2013683
2025437,2025873
2010026,2059732
2026043,2061117
2026043,2061118
2011812,2057857
2011671,2057101
2011671,1997088
2010388,1100055
2019649,2007277
2019649,1981802
2025578,2004415
2025575,2012606
2021771,2028717
2010733,2011268
2010733,2011269
2020176,2022143
1783907,1067669
2003922,1979875
2019646,1979053
2005567,2003586
2020775,1994696
2020775,1996446
2025544,2059035
2008433,1997194
2008433,1995965
2025730,2060743
2025730,1992263
2031108,1101308
2026503,2062382
2026503,2006566
2029989,1101764
1521400,1979875
2010539,2058650
2024650,1996776
2024650,2004259
2026568,2062625
2026568,1982543
2024369,1994416
2021859,2062073
2021859,2062081
2010428,1982697
2010428,2062097
2027056,1109093
2009848,2005613
2018285,1100299
2024383,1997530
2024383,2062356
2017641,1996644
2017641,2059760
2024944,2056962
2024944,2008697
2021036,2026675
2022439,2059237
2022439,2059238
2021758,1978458
2025336,2068207
2022240,1106776
2022240,2013122
2025588,1993246
2027144,2063683
2021981,1994398
2012125,2013786
2012125,2061343
2011199,2055557
2011199,2002870
2027021,2069580
2027021,2069581
2025262,2057698
2030056,2057694
2025521,2012607
2025521,2012608
2004442,2062546
2004442,2062547
2026817,2063254
2026817,2026180
2025366,1998621
2025366,2069572
2021886,1981293
2026555,2001917
2025598,2029682
2025598,2059264
2026044,2001954
2009081,2009720
2009081,1979370
2010133,2010241
2025327,1996512
2009666,2006135
2009666,1990369
2028837,2067697
2028837,2067698
2025599,2061277
2025599,2061278
2025495,2058833
2025495,2058834
2028509,2006225
2028509,2011609
2018918,1072084
2026456,1020067
2025603,1999034
2025603,2059267
2028833,2064893
2025493,2056739
2026895,2020645
2026037,1994423
2025632,1976871
2016840,1996374
2016840,2003909
2021732,1997062
2021732,2068586
2029837,2069911
2029837,2069912
2021194,1996756
2025590,2029110
2022405,1100278
2029347,1052458
2020540,2010595
2020540,2022931
2030108,2070419
2025607,2059272
2029797,2069771
2029797,2072711
2026233,2020860
2026233,2068996
2019817,1994773
2019817,2015850
2029235,2068246
2018955,2018589
2027020,2063504
2030251,2010361
2030156,2065433
2030156,2119634
2020558,1991579
2020558,2016264
2025586,2059228
2021917,1112788
2019989,2001172
2019989,1978874
2028513,2119286
2028513,2070602
2029993,1107841
2029798,2069775
2012392,1979298
2021312,2062914
2021312,2023986
2028516,1983929
2008556,2007064
2008556,2015353
2018097,2001003
2023661,1981264
2023661,1981262
2027890,1995924
2025329,1995715
2025329,2081833
2028524,2024344
2028524,2081494
2025330,1978908
2025330,2007188
2020556,2001177
2020556,1993835
2032496,2073896
2018882,2000432
2019799,1100133
2019799,1104803
2019662,2012950
2025865,2028499
2029814,1101296
1142245,2090508
1142245,1993505
2021951,1991576
2021951,2021553
2024954,1995844
2032243,2072165
2030746,1982156
2020918,1997645
2020918,2023652
2028142,2003780
2021306,2072497
2021306,2072496
2029822,2069868
2029632,2008499
2029632,2069880
2033150,2025047
2033150,2074795
2030243,1983160
2027902,1982859
2027902,2069903
2030850,2007193
2030850,2072505
2025328,2009842
2033382,2075079
2030226,1994062
2030226,2070779
2025332,2022315
2025332,2124281
2020240,1045331
2020240,1109666
1341537,2022612
1341537,1100180
2029813,1066119
2033156,1981363
2027711,1099929
2030601,2074729
2029709,2070200
2029709,2070201
2025596,2069345
2025596,2080938
2030875,1982275
2030875,1981782
2027886,2030209
2027886,2072177
2032242,2073339
2032242,2016419
2032498,2073898
2030735,2072212
2030735,2072213
2028172,2066101
2028172,2066102
2030055,2070256
2033451,2065874
2028168,1998155
2028168,2074747
2033703,2013533
2033703,2075777
2020979,2012487
2020979,1982557
2030602,2071989
2030602,1978805
2034054,2076626
2034054,2076627
2033501,2064454
2034029,1022759
2011521,1983519
2032312,2060986
2033115,2074770
2033115,1997901
2027780,2004742
2027780,2059732
2030026,2010506
2032312,2057963
2030222,2070770
2030995,2072894
2030995,2072893
2030242,2021334
2030242,2011072
2029150,2071893
2029150,2071894
2030056,2070269
2032563,2008105
2021495,2025125
2027386,2064894
2027386,2064895
2005567,1999579
2030295,2071110
2030295,2071106
2034833,2206738
2034833,2078452
2034038,2074874
2032606,1112407
2027320,2070769
2027366,2064540
2032606,2070770
2024349,2074200
2027320,1045331
2005930,1034366
2036190,2057963
2022431,2004742
2030492,1995969
2029078,2057971
2035453,1101308
1010347,1022759
2033251,2074885
2033251,2074886
2036216,2003586
2025020,2057626
2035161,2073339
2035161,2016419
2022228,2078106
2022228,2078105
2037104,1994561
2024634,1994416
2034764,2013961
2024395,2056467
2024395,2056468
2032554,2079150
2033042,2078202
2033042,2078201
2011216,2074774
2011216,2074775
2032873,1072283
2030742,1100099
2026807,2063235
2026807,2111288
2035103,1033316
2036189,1983929
2033710,2001917
2039425,1993430
2034041,2078213
2021446,2056904
2021446,2076193
2032817,1112025
2032817,1087034
1010347,1028261
2033045,2074549
2032856,2011144
2032856,2080280
1077548,1002388
2034738,2078195
2034738,2078194
2033709,1112768
2033709,2075790
2021946,2004254
2021946,2015349
2032248,2013122
2039961,2080637
2034735,1101325
2035003,2067981
2033408,2075199
2032716,1994667
2032716,1994666
2035323,2079557
2035323,2079558
2028141,2066085
2028141,2066084
2033929,1999298
2033929,2076185
2030297,2081643
2036064,2081266
2033554,2075481
2033554,2075446
2034458,2006492
2034266,1978662
2034266,2077146
2033113,2074759
2020553,2006301
2020553,2023039
2033930,2076182
2029637,2079469
2029637,2079470
2030492,1977724
2035160,2079176
2035160,1982929
2034669,2078017
2034669,2078016
2022512,2027602
2022512,2002870
2034215,2029682
2034215,1993835
2022056,2004823
2022056,2079189
2036614,2013909
2034782,2021525
2034782,1995111
2030177,2012982
2030177,2071792
2027688,2021012
2035343,2062097
2035627,2080244
2035627,2080243
2036075,2081311
2036075,2081303
2034227,1994689
2036162,1995965
2025518,1994251
2035332,1014111
2035332,1977130
2034592,2063258
2034592,2077796
2035196,1112213
2035196,2079270
2034299,1099929
2036270,1106793
2035300,2015428
2035300,1982275
2034599,1990377
2034599,2003563
2036881,2083842
2034563,2077692
2034734,2077255
2034734,2029507
2035155,2201446
2035155,2076722
2035816,2081081
2035816,2080736
2037031,2084382
2033652,1981389
2017364,1999268
2035972,1997519
2034695,2078054
2034695,2078053
2032859,2005802
2036497,2082590
2036497,1995855
2036154,2079798
2036154,2079799
2036074,1994476
1519057,2073662
1519057,2073663
2034706,2016040
2034706,2016041
2035342,2021178
2035735,2080448
2035735,2080447
2036105,1999301
2036105,2022696
2033931,2004746
2033931,1982858
2036849,2083737
2036849,2083735
2035644,2080294
2035644,2080291
2035743,2080478
2036168,2082054
2035464,2079918
2035682,2001710
2033551,2006035
2036169,2082105
2034036,2014629
2020544,2022935
2036477,2082514
2034783,2078327
2035626,2000642
2035329,2079618
2035329,2025174
2028139,2066077
2028139,1990694
2004201,1978337
2004201,1994905
2035757,1755885
2027294,2007350
2036620,1061893
2030800,2063683
2039299,2076668
2036162,2080887
2035278,2005949
2029641,1112990
2025398,1993429
2025398,2072716
2033526,2122407
2033526,1101764
2028140,2011612
2028140,2081017
2036175,2081913
2036175,2081912
2033248,1997052
2034540,2095490
2025394,2016400
2025394,1995429
2036171,2082051
2036171,2024344
2030431,1990945
2035972,1978874
2035325,2079575
2036828,2083641
2036172,2008499
2036172,2008500
2035642,1978871
2035642,2080262
2036794,2015224
2036794,2022315
2037091,2086019
2036179,2059695
2036179,2029110
2036176,2070779
2036176,1994062
2037148,2086166
2037148,2086164
2036189,2077729
2036190,2002659
2037434,2066214
2036170,1982144
2036535,2082872
2036535,1046535
2036180,2086792
2036184,2081769
2036184,2080938
2039425,1023558
2035296,2007277
2035296,2001933
2036862,2004425
2040327,1102225
2040327,1982230
2032499,1979875
2029641,2004385
2035100,2079088
2035100,2079089
2036186,1979032
2037053,1990555
2037841,2087594
2037841,2087646
2034097,2076685
2034097,1996516
2037037,2084405
2040525,2092565
2040525,2092566
2030724,1982697
2030724,2080267
2036216,2081644
2036170,1982143
2040238,2091443
2040238,2091444
2036040,1996848
2036040,1993271
2037203,2001001
2037203,2070200
2028137,2093490
2028137,2004721
2034764,2012500
2036187,2006362
2034575,2010471
2034575,2023741
2037151,1981140
2037151,2121933
2036479,2070256
2036479,2082525
2037085,2083300
2037085,2013056
2034991,1983445
2034991,1998759
2039510,2089242
2039510,2021246
2037446,2094439
2037446,2025047
2039810,2090180
2037146,2086163
2037146,2086222
2022431,2024631
2037104,1994562
2036069,1994066
2037155,2080835
2037155,2016184
2041101,2085064
2041101,2076664
2037054,2084435
2037054,2066101
1609015,1100066
2036187,2062356
2036167,2006299
2036167,2081995
2039893,2090360
2039893,2090359
2034036,2076503
2034540,2095489
2027319,1049024
2036783,2014890
2036783,2083493
2037081,2015671
2037081,2084560
2034828,1993533
2034828,2023260
2037433,1993432
2039916,1379153
2022220,2010688
2022220,2089021
2034407,2077254
2034407,1993429
2034641,1998621
2034641,2012736
2037491,1983388
2041151,2023565
2041151,2056737
2040518,1100278
2042356,2086163
2041262,2195052
2034662,2078009
2034662,2078011
2041264,2024631
2037715,1994561
2037715,1994562
2037156,2066415
2037156,1994623
2034110,2014890
2043798,1101308
2044027,1023558
2027650,1993658
2037730,2087044
2037730,2087219
2040503,1978514
2028512,2067198
2028512,2095585
2037728,2087239
2037728,1994964
2036495,1980580
2036495,2069582
2027156,1112747
2037684,2095587
2037684,2117271
2034058,2076632
2034058,2006301
2040734,2096678
2040734,2094767
2037713,2087159
2037415,2060469
2037415,2089030
2003722,2081644
2003722,2082468
2040765,2094335
2037711,2087147
2037711,2059464
2037720,2087229
2041968,1111364
2012454,2023865
2012454,2013707
2041500,1106776
2036194,2081647
2036194,2081648
2037727,1982275
2037712,2087057
2041386,2095167
2041386,2018351
2042106,2099036
2037411,2089060
2037411,1980260
2037717,1994537
2037717,2005954
2037716,2087095
2037716,2087133
2037413,1979278
2037413,2007246
2041620,1019493
2041620,1002388
2040706,2093322
2036183,2021597
2037206,1982576
2037206,1996776
2034207,2070200
2034207,2070201
2036188,2121431
2036188,2021552
2034536,2077600
2034536,2008114
2033032,2021557
2041299,2020928
2041299,2091817
2040397,2077035
2040397,2069345
2041594,2076526
2041594,2076527
2041267,2094953
2041266,2094951
2041266,2094952
2040073,2090941
2037401,1978905
2037401,2066084
2041455,2095499
2041197,2094791
2041197,2006848
2040430,2071999
2040430,1007105
2040430,1070468
2040430,1113207
2040430,1016462
2040430,1108610
2024841,2000255
2024841,2007611
2040092,1031204
2037316,2015713
2040814,1076376
2041942,2097853
2041942,2097854
2037412,2096287
2037412,2096289
2007805,1978742
2039811,1112748
2042450,2069912
2042450,2069911
2036166,2082055
2036166,1995320
2041106,2094381
2041106,2094382
2039793,2089940
2041432,1977130
2039839,2092162
2039839,2077619
2034286,2018991
2034286,1040732
2036181,2005397
2036181,2005398
2040399,2077968
2040399,1101253
2041322,1100567
2039897,1995823
2039897,1997645
2041503,1997965
2040159,1066588
2040159,2008143
2042356,2100820
2042112,1999803
2042244,2024013
2042359,2100845
2034011,1996374
2034011,2003909
2042729,2102426
2042729,2102427
2025705,1978903
2037153,2086134
2037153,2086140
2042654,2102232
2042654,2093457
2037710,2087031
2034110,2001172
2041435,2095395
2042241,1997194
2043073,2103249
2043073,2010031
2043073,2103248
2043073,2059339
2043073,2083158
2043073,2103247
2034438,2000174
2034438,2056469
2041268,1996866
2041268,2003094
2040391,2021157
2040391,2092115
2037158,2003259
2043345,2072863
2043345,2103888
2037714,2087061
2037714,2081928
2042870,2021176
2042870,2232999
2042974,1104803
2042974,1991488
2041273,1100721
2040051,1101296
2034109,1113034
2034109,2022847
2025407,2067545
2025407,1978174
2042309,1101699
2025391,1997053
2025391,2003916
2041528,1982859
2041528,2069905
2043853,1052458
2034371,1978528
2034371,2001238
2041251,2094897
2041251,2087126
2041588,1997071
2041588,1998163
2037404,2062382
2037404,1997530
2040358,2003780
2040003,1979298
2041988,2098770
2041988,2105762
2040620,1045331
2040620,1109666
2037625,1100742
2040395,2092134
2040396,1979094
2040396,2015850
2043148,2103374
2043148,2102130
2042208,1998015
2042208,1981139
2037409,2096312
2037409,1997065
2042090,1100010
2042090,1100014
2036603,2096996
2036603,2004741
2034547,2077620
2034547,1996756
2042681,2075079
2037992,1990694
2037992,2000685
2043098,1112170
2043098,1112169
2040032,1080752
2040032,1011858
2041519,2074237
2041519,2010628
2037726,2087146
2037726,2087045
2034395,2077246
2034395,2001934
2044282,2001954
2042449,2101509
2037945,2104775
2037945,2066623
2040352,2103711
2040352,2103710
2042519,2101678
2042519,2101677
2042700,2007247
2042700,2102316
2041539,2006569
2041539,2095904
2041510,1996011
2041510,1113155
2043957,1101764
2043957,1048632
2044411,2108795
2042558,1100140
2042558,1977444
2044097,1100133
2042523,1014111
2042523,1102172
2042169,2099544
2042169,2096373
2039833,2090280
2039833,2090281
2041488,2095650
2041488,2095651
2041483,1978513
2041483,2022315
2043422,2021334
2042170,2005329
2042171,1978981
2042171,2099560
2041589,1990287
2043600,2104743
2041565,2014749
2041565,1994825
2041509,2095741
2037405,2101629
2037405,1994667
2042406,2101273
2042406,2021726
2037732,1994398
2037732,2023940
2043848,2105643
2029642,1996644
2029642,1995898
2039815,1112339
2039815,2090202
2041264,1996216
2043164,2103428
2043164,2103429
2042444,2105035
2042444,1113012
2036192,1994073
2036192,1998999
2039331,2060121
2039331,2088597
2042772,1148580
2043331,2103916
2043331,2012973
2037729,2070269
2041963,2016664
2041963,2098140
2036554,2082803
2036554,2082802
2034151,2004986
2034151,2008499
2036178,2081892
2036178,2081893
2042576,2069392
2043167,2103452
2043167,2119017
2043149,2103380
2043149,1979269
2043780,2102271
2043780,2078106
2043794,2069810
2043794,2090180
2043837,2001307
2043837,1998030
2034174,1991120
2030359,2020350
2043103,2081890
2042576,2074886
2043783,2025047
2044282,2107640
2037860,1051106
2037719,2087071
2034562,2077674
2034562,2001564
2043168,2003018
2043168,1994522
2043097,2064992
2043097,2103308
2043981,2106213
2045087,1976926
2045087,2058286
2034539,1978799
2034539,2097787
2043436,1996715
2043095,2103231
2043095,2074777
2044278,2107613
2044278,2107614
2043796,1993721
2042941,2064415
2042941,1979607
1724389,1100296
2043802,2108998
2043800,2005718
2043800,1982793
2041191,2094735
2034576,2077730
2034576,2077729
2044352,2004986
2043165,2096903
2043165,2114120
2043162,2067653
2043162,2087159
2044097,1014111
2046547,1100140
2044777,2105035
2042443,1113012
2041091,1098660
2041091,1025998
2042469,2021012
2042443,2006775
2011238,1982116
2011238,1978338
2043801,2103762
2043801,2066814
2042577,2080244
2037154,2022614
2037337,1004865
2037337,1996232
1488293,1100278
2044266,2115129
2044266,1093354
2044086,2073898
2042984,2102940
2042984,2102939
2042884,1106776
2026156,1100721
2043769,1994067
2028171,1978905
2028171,2066084
2045712,2114522
2043811,1990555
2008593,1978327
2008593,2089031
2037092,2086129
2037092,2004444
2043820,2065874
2040411,2114257
2040411,2005954
2045603,2115581
2045603,1113162
2037078,2027602
2037078,2084522
2042470,2020832
2043791,2105287
2043791,2105288
2043340,2103822
1479180,1005341
1479180,2010242
2043824,2105466
2043824,2105467
2041669,1023558
2046012,2021242
2042562,2101841
2042562,2101843
2044536,2005099
2041518,2115265
2041518,2095799
2045668,2114379
2044914,2110429
2042548,2108345
2040324,1100099
2040324,2028127
2044911,2110395
2044911,2011259
2043822,2105461
2043822,2105462
2041255,2094909
2045837,2008177
2042520,1999034
2042520,2008775
2045389,2113194
2045389,2113195
2039813,1994692
2039813,2090192
2042563,1997645
2046008,2008503
2045674,2008606
2045170,1979278
2045170,2007246
2043834,2105572
2043834,2105573
2044462,1990316
2032788,1995844
2043767,2086181
2043767,2086151
2044912,1996216
2044912,2011262
2037154,2025061
2046605,2116986
2044913,2098453
2019219,1035282
2019219,1059705
2044084,1995461
2044084,2106729
2046518,1103045
2046595,1996346
2040412,2012259
2040412,2092308
2045753,1104803
2045753,1991488
2046449,2058371
2046449,2087871
2042437,2073611
2042437,2000913
2045533,2066214
2041706,2010359
2045713,2116239
2045713,2116238
2041947,1995965
2041947,1994251
2047945,1101308
2045048,2117271
2045048,2073181
2046715,2113230
2046715,2117333
2043849,2104718
2043849,2253906
2045655,2087071
2045655,1112205
2039835,2080887
2045026,2265448
2045573,2058727
2045573,2008779
2045730,1994821
2045730,2114614
2044710,2108945
2044710,1999122
2044274,2088988
2044274,2088995
2045652,2114311
2040112,2089749
2045409,2113291
2045409,2058747
2032788,2119679
2046138,2116069
2046138,2116068
2044537,2022260
2044741,2007934
2044741,2007933
2034663,2015353
2034663,1978871
2043927,2012895
2043718,2104990
2043718,2104989
2045968,2005295
2044634,2108745
2042546,1998759
2042546,2007043
2042510,2078053
2046220,2116213
2046366,2000784
2046366,2104475
2044012,2106480
2044012,2106481
2044358,2072275
2041204,1993430
2026156,1980147
2044362,2012950
2019797,1996646
2019797,1993278
2041984,2116679
2041984,1990369
2044343,2000685
2044343,1990694
2047454,2097275
2047454,2119455
2029644,2057963
2029644,2002659
2043781,1994248
2043781,1993871
2047181,2118688
2047181,2118691
2044348,1993835
2044348,2001177
2041762,2070770
2041762,1112407
2042193,2099859
2042532,1982557
2043828,2001397
2047817,2105571
2043833,1997917
2046369,2116295
2046369,2006135
2045669,2022358
2047338,2062361
2043825,2009760
2040355,2091817
2040355,2020928
2046934,2003159
2042743,2103106
2045717,1995443
2045717,2119044
2036191,2081795
2044349,2108310
2045342,2001917
2046010,2024102
2046126,2116015
2046126,1998692
2047241,2088432
2047241,2096399
2043105,1982288
2043105,2105048
2043105,2105050
2043105,2105049
2043105,2105047
2043105,2105046
2047604,2005886
2046009,2102766
2046123,2115988
2030327,1111785
2039898,2089252
2039898,2120122
2041312,2007350
2041312,1100295
2043112,1100270
2043112,1004016
2046547,1100086
2045601,1100066
2047883,2018642
2048016,2080919
2044463,1996011
2047285,2085658
2047285,2119092
2046117,2112424
2045227,2112425
2044777,2072496
2046043,2115696
2047283,2119057
2047283,2008163
2043986,1995465
2040069,2091084
2042522,1994666
2042522,1994667
2044464,2119904
2044464,2084387
2045746,2114685
2045746,2114686
2044513,2108463
2041193,2011234
2047369,2068089
2047369,2000173
2046972,2027497
2046115,2085451
2042575,2102039
2046905,2097989
2046905,2117781
2047187,2118651
2047187,2118653
2040829,2000849
2040829,1100299
2044466,2027077
2044466,1981354
2046124,2062209
2046124,2104803
2047406,2067404
2046956,2117862
2046956,2074077
2044773,2092635
2046370,1113034
2046370,2022847
2044468,2099560
2044468,1997194
2048285,2059464
2048285,2120887
2045621,2084405
2048758,2121589
2048758,2121591
2044467,2080893
2044467,2074025
2035851,2005395
2035851,2004395
2046023,1995958
2046884,2117738
2046884,2117737
2043765,2073732
2043765,2073733
2048043,2086223
2048043,2086050
2043980,2121423
2043980,1976918
2047817,2069572
2048887,2019500
2043953,1993035
2048176,2077964
2047850,2120062
2047850,2103907
2044010,1993174
2044010,1978960
2034205,2077007
2034205,2024694
2047668,1979370
2047668,1999545
2043294,2014433
2043294,2005803
2047034,2118074
2047370,2068573
2048174,2120741
2048174,2019040
2046117,2021689
2043144,1993281
2043144,2103365
2047435,2119417
2047435,2056904
2046537,2116711
2046537,2116710
2049094,2103334
2042549,2007611
2042549,2076901
2046008,2066201
2045651,2064894
2045651,2114300
2045415,2113347
2045415,2113345
2042548,1979699
2046478,2060986
2046478,1983519
2039874,2075040
2044485,2108435
2044485,1981801
2045342,2022315
2042510,2101649
2047667,1112169
2047667,1112170
2048080,2012377
2044799,1112270
2048284,2107537
2046784,2084499
2046784,2084498
2040260,2091687
2045042,2111288
2045042,2063235
2024755,2057644
2042250,2025153
2042250,2007904
2044350,2108328
2047669,2002928
2046580,2116897
2046742,2116658
2046742,1101177
2045858,2114949
2045858,2114951
2047338,2090148
2045418,2021688
2048232,2014862
2047677,2062361
2037403,2058941
2037403,1993271
2034424,1044602
2044461,2016040
2044461,1995443
2048167,2021688
2049043,2122178
2049043,2103323
2048824,2099566
2046650,1982697
2046650,2117137
2050075,2124580
2050075,2124579
2047463,1994416
2050940,2060986
2050940,1983519
2044028,1109666
2044028,2070769
2045636,2006035
2047725,1100133
2047725,1014111
2046125,2115992
2048901,2026180
2048604,2018351
2048604,2106697
2050008,2124425
2050008,2071781
2044898,2110274
2044898,2110275
2048688,2011144
2046759,2016522
2049386,2122994
2049386,2122320
2045976,1979308
2051546,1100278
2047854,1065282
1778748,2076668
2049120,2065676
2049120,2024631
2049977,2124487
2049977,2124486
2047751,2119851
2048375,2028690
2049532,1100014
2047734,2000489
2047734,2002296
2051923,2006726
2047868,2120100
2047868,2120098
2040408,2080938
2040408,2081769
2048974,2096020
2048974,1991072
2050009,1128746
2050009,2015432
2048045,2012279
2048045,2121933
2048989,2003073
2047782,1997189
2047782,2119893
2048522,2016896
2048522,2072612
2048455,2081717
2048455,2000072
2046887,2000527
2046887,1982283
2048286,2120911
2048087,2025611
2034206,2106381
2048215,2027602
2048215,2084522
2047456,2120428
2047456,2117271
2046648,1994066
2046648,2117133
2045964,1112213
2045964,2115416
2045943,2003586
2045943,2115389
2048780,1061893
2046132,1990245
2048673,2084116
2048673,2069080
2050796,2126395
2050796,2126396
2050619,2125818
2050619,2125819
2048688,2021725
2033904,2028127
2048460,2121326
2048460,2121325
2046628,2017206
2049319,2122749
2047933,1983717
2047933,2120280
2049063,2015255
2049063,2122203
2049625,2010538
2049625,2010644
2050973,2126828
2047867,1994623
2046652,2117145
2046652,2108454
2043844,2105651
2048967,2120603
2048967,2060605
2049318,2065464
2046127,2116018
2046127,2116019
2049320,2092635
2049320,2087044
2050298,2125111
2050298,2125113
2049323,2123010
2049323,2122754
2047346,2017040
2047346,2086627
2051096,2010360
2051096,2127187
2043126,2013122
2043126,2091185
1778748,1977130
2047752,2010645
2047752,1996228
2050011,2114886
2050011,2114922
2050858,2074260
2047138,1995698
2046676,2117222
2049203,2114898
2049203,2228019
2049203,2228020
2049203,2126035
2049203,2011092
2049203,2126034
2044189,2127512
2049556,2081668
2049556,2081669
2048615,1023558
2042201,1023754
2044186,2107057
2044186,2127212
2049576,2123422
2049576,2123421
2046880,2061278
2046880,2006377
2045942,2022260
2045942,2115385
2050708,2067504
2050708,2126156
2051302,2127713
2050232,2014689
2050232,2124910
2050158,2011275
2050158,2124774
2050680,2125947
2053551,2059228
2046499,2022261
2051632,2128220
2046118,1997519
2046118,2003909
2050853,2085002
2048651,1994439
2051733,2064346
2051733,2128420
2050454,1980260
2050454,1980261
2047836,1994733
2047836,2096621
2051257,2127551
2051257,2127552
2050801,2126452
2050801,2126451
2046072,2115710
2044781,2109142
2045940,2002096
2045940,2107426
2051322,2113768
2051818,2128700
2047722,2119750
2047722,2108548
2048829,2094136
2047634,2085658
2047634,2068654
2048650,1042058
2048650,1106776
2051037,2084585
2051037,1104803
2051036,1070999
2051036,2023469
2051035,2025148
2047938,1050215
2046544,2008775
2046544,2008774
2046647,1982858
2046028,2004741
2046028,2115653
2047647,2019121
2047647,2023260
2051181,2127328
2051181,2127327
2047948,2084405
2046011,2115607
2046011,2115606
2047788,2131193
2047788,1992990
2046092,1979278
2046092,2007246
2046233,2003780
2046149,2059719
2048063,2027266
2048063,2120572
2047921,2026866
2045971,2012259
2045971,2012605
2050539,2125475
2047791,1997901
2047791,2016317
2049047,2021585
2046729,2002860
2046729,1995429
2048672,2094872
2048672,2121414
2052334,2068320
2051348,2092534
2051348,2127933
2050017,2124462
2050017,2124463
2004022,2001933
2004022,2075708
2052542,2131807
2052542,2116690
2049438,2026162
2049438,1113031
2049935,2056937
2049935,2124335
2051875,2004203
2051875,2128799
2050293,2124997
2050293,2124998
2022171,2012950
2022171,2106119
2047852,1100742
2047852,1106079
2049624,1048491
2049624,1100721
2049762,1102225
2049762,1048373
2044465,2022315
2044465,2124281
2049108,2068099
2049108,2122407
2048098,1101764
2047949,2089845
2047949,2015562
2052038,1994476
2052038,2129639
2050758,2121919
2050758,2126282
2050231,2080282
2050231,2086341
2047783,1979605
2047783,2119286
2052065,2129999
2050070,2117019
2050070,2124573
2046908,2073898
2047086,2006032
2049441,2162664
2050578,2133208
2050578,2125591
2047137,2007570
2047137,2007569
2043708,2104950
2043708,2021157
2048213,2092519
2048213,2120795
2048965,2121973
2048965,2121975
2052683,2131437
2046137,1981110
2046137,2116063
2049932,2124273
2048680,1990287
2048680,2121436
2048141,1993798
2048141,2120659
2050069,2121431
2051920,2128982
2051920,2093337
2050299,2125410
2047677,2060995
2049771,2076185
2049771,1990693
2047672,1995317
2047672,1981782
2050880,1996516
2051615,2026151
2051615,2005697
2052066,2130001
2048375,2120948
2051546,2128285
2050858,2093501
2052215,2130540
2052215,2130539
2052786,2131794
2052786,2023686
2047310,2104718
2047310,2076401
2049001,1110158
2049001,2005223
2051738,2128449
2051738,2128450
2052419,2121971
2051663,2134767
2049937,2124339
2049937,2124337
2053553,2091687
2053553,2117730
2053793,2135246
2050615,2125711
2050615,2086447
2052593,2016184
2052593,1994825
2035383,2000685
2035383,2105605
2050018,2074971
2050018,2007247
2051183,2062624
2034175,1991120
2052327,1983377
2054501,2135121
2054501,2135122
2048088,2128883
2048088,2110429
2046674,2013997
2046674,2097787
2054230,2134616
2055076,2136065
2055076,2136066
2048968,2070256
2048968,2013786
2055099,2055722
2048139,2058321
2048139,2120652
2054537,2119582
2046764,2117440
2046764,1979054
2050437,2001257
2053551,2001651
2049767,2123818
2049767,1997447
2054502,2121571
2048087,2126610
2049931,2006495
2049931,2059239
2054492,2014749
2052418,2074777
2052418,2064366
2047086,2008603
2050756,2094767
2043715,2013260
2043715,2104981
2055477,2016525
2053554,2133549
2053554,2092418
2055748,2006032
2050972,2105570
2047743,2105571
2048970,2021365
2048970,2080694
2051013,2026847
2052206,2006495
2046434,2116337
2046434,1980004
2050062,1100742
2053704,2012500
2053704,2067183
2052471,2007350
2050591,1107841
2050051,1098660
2052495,2091185
2052495,2006726
2055393,2106227
2048662,2012091
2048662,2071096
2048089,2077255
2048089,1978872
2055394,2087044
2055394,2136667
2055687,2137234
2055687,2056228
2047427,1990555
2050062,2028689
2055630,2137139
2055630,2006493
2052333,2130779
2051055,2025148
2048085,1981262
2048085,1981264
2048041,1980580
2048041,2069582
2048676,2121427
2047853,2025047
2048678,2058924
2048678,2121431
2057390,2105461
2054325,2105462
2048144,2063296
2055923,2026146
2055629,2081625
2055629,2073921
2046730,2117359
2046730,2007154
2054430,2021762
2048666,2011248
2048666,2011249
2052206,2092299
2056037,2138097
2056037,2138096
2052991,2131865
2052323,1081944
2046038,1113255
2046038,1978337
2054428,1994398
2054428,2068573
2051193,2128106
2050421,1076376
2054257,2057694
2054257,2137131
2051493,2006035
2056018,2138059
2056018,2096087
2054429,2114918
2054429,2135020
2048025,2015539
2053516,2004835
2047960,1993429
2050130,2124719
2034204,2058883
2034204,2015515
2046671,2117211
2046671,2085603
2047345,2007613
2047345,2028347
2056125,2107306
2056125,2138234
2052722,2069905
2052722,1982859
2056545,2139756
2050514,1977718
2050514,1995281
2055688,2067698
2055688,2067697
2055472,2098453
2050431,2056962
2050431,2125262
2046728,1100825
2046728,1100537
2054760,2006558
2049832,2124026
2047738,2000432
2042417,1014466
2054431,2128217
2054431,2128218
2054761,2096069
2054761,2096070
2053547,2133551
2051846,2128758
2051846,2128757
2051329,2021761
2046953,2117870
2047740,2119773
2047740,2119772
2048061,2072192
2050334,1979115
2056266,1996011
2051719,2077390
2047911,2074063
2047911,2096373
2018733,1111364
2047094,2014719
2047094,1995260
2047999,2056476
2047999,2073958
2050122,2004203
2050122,2141461
2055064,1978458
2045931,2001178
2045931,2115300
2055122,2136164
2055122,2103420
2050653,1100812
2046953,2086627
2048007,2140156
2048007,2140164
2054992,2006569
2055659,1979269
2057456,2142055
2057456,2142053
2032663,2003909
2032663,1996374
2050851,2024120
2047864,2077964
2056517,2139597
2050760,2119178
2056778,2016554
2047126,2118345
2055065,2136043
2054971,2138882
2054971,2138883
2057390,2065532
2047729,2011230
2047729,1978871
2054027,1982231
2048727,1004016
2051732,2059202
2046494,2014890
2046494,2056468
2055503,1100278
2052708,2073063
2052720,2132291
2056513,2139573
2056513,2003602
2051123,2065874
2051123,2143304
2050221,1982575
2047824,2062116
2046437,2066077
2055373,2006633
2055373,2136509
2051582,1981801
2051582,2002780
2050972,1997917
2055084,2126131
2055084,2114896
2048900,2069881
2048900,2119851
2056289,2008163
2051628,2073898
2049167,2099244
2049167,2099245
2056281,1007377
2056281,2138894
2051572,2141778
2051572,1997901
2050221,1994661
2050402,2001917
2046883,2117730
2055826,2090305
2055059,2140027
2055059,2140028
2047673,1996646
2047673,2005901
2058492,2145893
2058492,2145892
2057549,1982156
2057549,2142698
2054468,2012950
2057751,2144134
2057751,2144135
2057341,2135197
2009169,2059719
2009169,2010500
2052594,1994251
2052594,1995965
2057532,2142536
2057176,2079041
2057176,2079040
2056773,1100270
2057823,1101308
2056632,2139940
2058563,2137388
2058563,2137390
2058563,2137386
2058563,2138114
2058563,2146982
2058563,2146983
2057042,2119904
2057042,2089275
2049132,2021553
2049132,2021552
2049547,1112747
2058301,2103915
2058301,1993803
2047113,2069333
2048685,2020928
2048685,2091817
2051243,1996216
2051243,2127504
2056264,1993835
2056264,2138862
2056237,2125475
2058625,2060135
2058625,2146260
2051707,1978402
2051707,2021745
2057939,2130001
2057939,2014779
2055471,2137274
2055471,1978804
2055530,2000394
2055530,2136974
2056290,2012607
2056290,2012608
2056976,2140920
2056976,2140921
2056547,2066525
2056547,2066524
2046608,2117009
2047678,1994821
2047678,2119681
2055741,2130082
2055741,2015457
2055490,2026180
2059307,1983383
2055736,2103762
2055736,2075272
2056426,2139384
2051161,1979098
2051161,2127280
2055963,2102869
2055963,2141775
2059503,2028334
2050683,2074016
2050683,1112339
2058370,2115507
2045624,1112213
2045624,2072735
2054491,2075040
2054491,2020827
2050334,2016184
2058444,2145720
2058444,2145719
2057695,2144062
2058070,2144704
2058070,2079878
2057826,2144475
2048392,2125467
2048392,2031511
2055738,1991579
2055738,1979278
2059024,1112170
2059024,1112169
2059750,1109105
2059750,2100132
2052991,1101172
2054123,1101819
2059310,2075079
2050286,2071389
2059672,2149135
2059149,2120541
2051017,2000255
2051017,2126878
2059395,2148659
2057189,2133886
2055742,2132340
2059052,2002829
2059052,1995863
2059052,1994299
2059052,1999002
2059052,2090181
2059052,1993000
2056266,2069911
2057189,2141256
2052592,2131205
2059819,2021689
2059819,2112424
2047139,1982505
2047139,2105457
2054331,1979109
2054331,2004829
2058878,2081668
2058878,2081669
2047628,2108548
2047628,2015562
2055749,2137416
2055749,1112363
2057573,2013183
2057573,2099560
2059315,2148440
2059315,2148441
2055971,2007904
2046556,2120508
2046556,2222859
2060146,2150280
2060146,2150279
2057631,2119892
2051157,1996848
2051157,2127270
2059882,2102062
2059882,2230623
2054499,2105440
2054499,2097044
2051750,2062361
2051750,2060995
2059322,2148483
2059322,2111700
2054216,1101764
2054216,2122407
2046552,2116785
2046552,2116784
2058936,2147405
2058936,2147406
2049131,2122406
2060551,2027133
2059016,2058057
2051130,2008775
2051130,1993533
2050596,2125628
2050596,2226132
2060596,2136425
2060596,2136426
2055129,2063683
2055129,1048491
2049130,2122399
2059734,2107046
2059734,2100824
2051688,2003183
2051688,2110677
2048380,2120949
2055739,2008163
2055739,1998116
2057952,2147350
2057952,1979268
2060143,1101878
2056239,2006509
2056239,2138754
2053246,2013248
2050064,2077034
2059388,2141267
2059388,2141268
2044344,2006852
2044344,1983717
2051337,2009310
2051337,2127865
2051585,2094841
2060749,2151574
2055660,2137183
2055660,2137184
2052844,1070999
2051129,2022847
2051129,1113034
2058509,2102687
2058509,1978871
2058937,1982779
2052679,1103109
2052483,2120900
2052483,2005590
2051340,2077650
2058423,1062814
2049940,2015889
2060260,2010367
2053987,1022759
2056007,2138315
2056007,2138316
2059290,2139303
2052474,2131094
2052474,2131095
2057261,2124910
2057261,2061277
2059463,2128303
2060686,2141414
2056194,2094335
2059355,1048561
2059821,2148077
2059821,1995499
2060258,2001111
2061023,2124580
2061023,2124579
2060136,2006035
2060136,2016356
2056265,2108345
2056265,2015687
2059095,1100105
2059645,2076879
2061533,2124765
2055590,2088175
2055590,2005295
2057040,2140953
2057040,2000528
2060595,1071340
2057779,2120211
2057779,2144334
2051158,2014689
2051158,2001954
2059048,2007099
2059048,2147707
2060616,2152979
2046736,2058924
2046736,2117382
2058534,2145830
2065252,2159367
2064006,1998024
2064006,2123840
2058613,2145876
2058613,2004746
2065145,2159107
2065145,2159106
2048211,2120788
2048211,2269122
2065193,2102350
2065193,2159263
2061519,2003630
2046013,2115610
2046013,2087814
2057285,1113031
2057285,1113032
2065082,2020687
2048065,2025101
2048065,2120574
2051787,2140922
2051787,1113273
2065427,2113230
2065081,2005700
2064950,2158668
2059708,2149398
2061684,2153159
2007909,2131865
2065722,2061343
2065722,2004451
2061686,2106621
2065341,2159529
2065621,2160356
2065621,2160357
2057963,1982557
2065724,2125423
2065724,2075871
2059698,2139070
2048084,2014629
2048084,2120587
2047818,2081795
2047818,2059015
2064363,2156876
2064363,2030509
2065785,1981714
2065785,2140699
2065723,2160541
2053759,1101881
2065873,2116710
2065314,2136164
2065314,2159478
2061576,2152986
2061576,2152987
2057958,2136627
2057958,2136626
2064983,1994476
2042994,2066084
2042994,1978905
2064335,2016418
2064850,2158147
2066245,2161549
2066245,2161548
2056000,2074017
2056000,2066814
2060344,2012485
2060344,2131360
2065316,2076307
2061855,2157561
2061855,2157562
2061855,2157563
2061855,2157564
2065769,2022180
2065769,2119017
2047195,2021525
2047195,1995111
2058533,2021242
2066475,2162144
2066475,2162145
2066475,2162146
2066475,2162147
2060370,2150949
2060370,2150950
2051783,2002148
2066456,2112424
2066456,2021689
2061026,2151998
2065585,2091112
2065585,2087366
2064592,2091109
2041229,1995536
2041229,1995530
2066342,1983512
2061575,2152982
2066051,2127087
2064964,2158714
2065834,2094048
2064980,1108529
2064980,2081266
2066172,2144858
2066172,1994398
2066332,2161775
2061153,2152238
2061153,1979299
2066049,2121380
2066049,2121381
2064470,2157281
2064470,2157282
2061412,2152746
2064318,2095535
2064318,2095534
2065307,2159481
2065307,2159480
2066155,2115727
2066155,2115728
2067115,1105563
2064930,2161399
2040407,2012608
2040407,2012607
2065254,2137786
2065984,2127713
2065984,2150588
2056003,1983928
2065726,2160551
2060592,2151317
2064476,2157292
2061024,2082293
2061024,2126781
2055589,1994067
2067226,2165774
2067226,2165768
2063481,2153718
2050021,2124481
2050021,2124482
2065344,2153618
2065344,2159531
2065931,2160913
2065931,2160912
2058816,1982993
2060138,2150271
2060138,2085608
2057039,2074237
2057039,1113272
2064848,1112269
2061752,1100278
2064839,1004865
2069796,2112424
2069796,2021689
2071327,1101881
2067339,2166369
2067331,2166256
2067331,2105909
2067161,2165471
2056313,1072283
2067430,2167468
2067430,2167467
2066040,2106290
2066040,2099860
2056975,2140885
2066560,2021688
2067539,2097853
2067539,2097854
2062318,2091313
2053314,2091904
2062066,2153524
2060983,2074430
2067532,2109602
2067278,2006847
2067278,2165879
2066989,2163720
2066989,2078453
2066054,2178783
2067540,2168769
2067540,2168770
2065626,2160329
2066362,2161952
2067860,2062793
2067860,2173870
2063557,2075062
2064814,2166709
2061156,1978513
2067426,2015816
2060630,2100132
2067341,2109493
2067341,2166286
2067975,2174662
2061072,2000451
2067409,2113426
2050177,2124824
2050177,2108358
2065333,2120372
2065333,2131662
2067543,2168799
2067543,2168800
2067973,2157721
2006309,1999579
2005514,1979054
2051638,2070602
2051638,2067203
2065365,2074493
2068252,2176849
2068252,2176850
2067997,2174741
2067997,2174742
2061220,2128450
2006309,1979053
2067429,2167442
2067429,2167443
2068002,2163705
2068002,2143727
2067649,2102432
2067649,2078830
2066509,2162197
2065485,2160045
2065485,2160046
2067017,2065874
2047732,2094909
2047732,2013056
2067996,2134407
2057036,2024102
2060631,2151382
2060631,2270396
2050538,2114945
2070266,2056468
2060130,2104006
2067998,1112270
2065843,2126271
2065843,2160749
2067974,2174659
2067974,2174658
2066512,2115196
2066512,2162200
2068403,2083641
2059770,2008743
2065357,2001048
2065357,2084629
2066097,2161271
2066865,2010094
2066668,2162638
2068925,2181401
2067183,2165497
2068937,2096013
2068937,2162742
2058234,1977130
2065401,1990945
2048049,2120549
2058673,1991579
2057195,2141265
2057195,1995698
2069338,2184247
2068927,2137494
2002909,1994251
2002909,2124574
2069155,2021334
2060259,2150588
2060259,2150589
2059534,2006032
2059306,2126691
2042569,2079806
2042569,1995969
2061194,2121423
2061194,1976918
2068366,2177562
2060145,2150272
2069366,2164394
2069366,2184445
2057041,1979031
2057041,2081669
2069308,2142346
2046217,2113348
2046217,2113345
2067250,2058806
2068409,2009851
2068409,2084116
2061155,2084405
2069496,1019493
2068565,2104278
2065476,1997645
2069802,2186715
2069802,2186716
2060425,1048491
2060636,2104982
2061641,2009770
2061641,2227627
2069792,2186707
2069792,2057072
2047184,2012259
2047184,2092308
2067241,1993290
2067708,2003780
2069220,2183617
2069913,2188526
2066468,2162130
2058957,2025148
2050375,2064454
2050375,1982575
2049137,2072275
2066510,2127551
2066510,2152830
2047966,2097921
2047966,2068101
2069616,2075053
2069616,2185632
2065476,2093477
2047916,1999298
2047916,2076185
2061350,1004016
2061350,2073063
2047675,1995844
2047675,2077620
2068931,2027137
2068931,2086133
2068926,2181413
2068926,2132440
2059263,1994364
2059263,2161291
2054540,1106776
2057106,2133886
2057106,1996228
2066333,1990555
2066333,2175882
2069298,2184104
2069298,1983388
2069790,2120459
2065358,2063258
2065358,2071096
2061465,2028714
2069217,2183648
2067285,1100066
2061190,2104993
2061190,2111904
2067240,2022315
2070439,2194148
2070439,2194149
2068407,2006566
2068407,2152929
2055208,2161999
2055208,1992203
2058673,2165405
2059534,2064604
2064843,2154203
2061623,2098453
2061623,2205384
2065635,2160341
2067244,2165830
2067244,2165831
2065235,2159319
2065235,2066524
2070031,2090305
2070487,1983717
2070487,2194409
2061569,2074874
2060727,2151508
2060727,2011110
2066947,2073776
2066947,2085549
2068138,2198444
2056979,1995317
2056979,2006764
2070869,2122610
2070869,2216571
2067227,2165778
2047849,2007570
2047849,2007569
2059248,2148284
2059248,2148281
2061109,2007247
2061109,2102316
2066436,2140027
2066436,2140028
2066154,2161376
2068337,2189740
2068337,2136164
2068562,2179275
2066110,2161280
2064031,2002870
2065702,1982116
2065702,1981133
2067935,2135402
2067935,2174536
2069997,2105450
2069997,2189682
2058686,1999494
2058686,1110158
2069852,2004453
2069852,2004451
2069405,2184647
2070440,1983445
2070440,2194081
2058986,2205396
2058986,2087219
2058441,2001397
2058441,2138754
2069085,2159531
2069085,2153618
2067758,1100140
2070867,2199787
2070867,2199788
2067955,2025047
2057187,2205398
2057187,2205399
2070868,1980343
2070868,2057527
2070868,1978664
2070868,2133013
2070868,2006368
2070868,1991578
2070640,2107150
2071805,2141270
2058504,2064785
2058504,2205485
2070488,2075914
2070488,2194418
2045663,2096903
2045663,2114361
2071303,2080887
2071880,2207234
2071880,2059990
2071608,2117738
2071608,2205006
2071803,2206250
2071803,2206254
2070863,2020928
2067356,2077600
2067356,2166422
2059261,1979372
2059261,2081460
2067354,2166418
2067354,2166420
2070865,2199776
2070865,2199775
2070792,2198817
2070442,2194106
2067467,2094735
2058505,2098529
2058505,2016300
2071624,2205071
2065787,2090148
2065787,2108051
2070406,1031917
2070406,2216689
2070406,1005695
2070406,1983847
2070406,2084160
2070406,2028149
2065450,2078213
2059002,2015349
2059002,2147632
2071835,1982231
2071941,1110027
2071941,2063012
2071941,1107286
2071941,2122215
2071941,2067036
2071941,1056639
2071054,2201301
2071054,2201303
2072393,2130001
2072393,2023557
2058180,1101325
2058382,1994666
2058382,1994667
2075533,2025148
2067574,1004016
2072112,2209447
2071326,1990945
2071326,2055496
2069336,1978662
2064895,1100475
2065833,2103915
2065833,1995320
2060960,2107580
2066047,1983541
2066047,2161158
2070811,2123312
2070811,2123311
2069771,2186668
2069771,2186669
2072553,2028333
2072553,2213255
2076989,2212484
2070040,1100278
2061384,2003586
2061384,2093269
2072208,2210613
2072208,2210614
2061726,2158895
2071915,2161376
2069604,1014111
2069604,2095587
2072323,2083842
2070812,1978174
2070812,2117129
2072908,2216077
2072908,2129469
2070569,2195952
2070569,2195953
2060249,1983717
2057037,2108345
2057037,1979699
2066235,2026051
2066235,2161532
2070764,1066119
2072473,2212792
2072473,2087366
2072466,2212667
2072466,2212668
2072949,2216233
1462364,1994577
1462364,1994578
2072021,2007602
2072021,2208178
2058513,2113887
2070663,2196658
2071779,2206202
2051023,1996515
2048086,2024631
2073315,2218621
2070359,2141415
2070359,2119973
2070268,2192200
2073017,2101281
2072820,1994476
2071540,1997159
2071540,2204424
2072372,2211438
2072372,2077255
2071861,2092635
2072884,2115032
2072884,2216001
2072376,2081833
2072376,2079806
2073019,2216827
2072308,2006220
2072308,2211101
2072426,2093631
2072426,2086300
2056803,2070200
2056803,2070201
2071918,2209373
2072307,2066758
2072307,2216713
2069658,2021688
2059298,1100742
2073964,2073550
2034176,1991120
2034176,1991121
2075520,2211083
2075520,2131095
2073795,2222125
2073795,2186852
2074168,2136232
2074168,2145041
2074027,2224616
2071278,2063277
2071278,2201978
2069193,2026180
2073101,1996011
2073101,2146663
2073959,2223818
2073020,2137233
2073020,2137234
2074303,2226872
2074303,2226873
2061642,2153083
2061642,2090941
2067401,1101881
2074020,2107137
2074020,2107136
2066274,2131955
2066274,2062044
2074019,2224582
2074019,2056962
2048086,2077619
2074017,2224571
2046709,2079624
2046709,2068683
2066990,2011259
2066990,2163725
2074021,2090040
2074395,2227751
2074395,2199025
2073908,2223209
2072027,2016554
2059535,2116018
2059535,2008775
2067239,2082840
2074387,2120134
2074387,2218371
2071939,2127738
2071939,2207509
2074314,2117876
2073015,2216817
2073015,2216818
2074024,2224612
2074024,2219556
2071042,2008499
2071042,2008500
2073177,1993766
2073177,1994538
2059262,2148333
2059262,2148332
2058736,2012950
2048160,2120715
2048160,2000685
2074435,2224296
2074435,2068584
2074030,2103308
2074030,2016083
2074339,1048491
2070779,2079410
2074434,2228170
2074434,2228171
2065784,1996223
2065784,2093477
2074034,2075048
2074034,2075047
2074031,2008697
2074031,2016504
2074596,2015776
2069880,2022186
2069880,2114257
2073314,2182217
2073314,2182219
2074432,2164080
2052179,1100140
2066780,2162790
2066780,2162791
2074033,2151594
2074573,2061278
2074573,2230456
2074702,1981110
2074702,1981108
2073999,2175544
2073999,2058826
2073021,2216839
2075447,2022180
2075447,2119017
2075138,2020827
2075138,2126691
2075157,2026146
2070383,2098453
2074537,1982230
2074537,2021854
2075148,2236033
2075148,2236037
2073796,2199292
2073796,2222126
2075211,2151518
2075680,2239448
2075519,2176849
2074971,2115740
2074971,2117730
2074970,2234889
2075147,2107150
2074801,2100263
2074801,2026093
2074595,2005802
2074595,2234950
2075555,2238629
2075601,2116658
2075601,2239552
2074029,1998024
2074029,2113296
2074298,2153534
2059298,2121033
2010344,1113255
2055868,2137567
2055868,2137568
2074430,2228149
2074973,2234923
2074313,2178599
2074313,2192301
2075925,2119899
2075925,2240714
2075133,1998621
2074597,2007422
2074597,2010582
2066181,2120372
2066181,1998002
2076097,2241392
2076097,2165806
2060961,1999494
2060961,2005223
2075028,2235164
2075562,2130001
2075145,2003026
2075150,2065532
2075150,2065527
2051636,2064770
2051636,2150600
2072187,2167364
2074594,2230648
2074594,2230649
2075165,2098193
2076089,2163720
2076089,2078453
2074598,2179314
2074598,2190738
2076087,2241363
2064894,2014192
2065225,1100721
2076309,1101764
2075564,2238729
2075564,2238730
2076091,2241378
2075146,2236020
2074600,2106381
2074600,2025611
2060672,2151434
2060672,2151435
2005417,2014856
2076098,2126181
2075149,2236038
2075149,2236039
2076094,1981346
2075128,2235799
2075128,2059554
2076450,2086539
2074032,2224646
2076083,2241282
2076084,2112358
2076084,2241288
2073648,2108392
2076847,2010177
2075534,2114950
2076857,2249490
2076857,2021246
